row_id,total_bid
JOB_000008__CON_000103,560142.0874494461
JOB_000030__CON_000061,1254898.865975027
JOB_000030__CON_000217,1296441.2102050544
JOB_000045__CON_000037,1536748.1746415151
JOB_000045__CON_000122,1457234.8038145064
JOB_000045__CON_000158,1543719.3996039748
JOB_000045__CON_000174,1551624.6372569597
JOB_000045__CON_000199,1474535.3382375136
JOB_000050__CON_000037,1961395.3742644803
JOB_000050__CON_000045,1964727.7128619875
JOB_000050__CON_000174,1964727.7128619875
JOB_000059__CON_000030,3019708.735841624
JOB_000059__CON_000033,3002513.660823809
JOB_000059__CON_000158,3042648.7903233273
JOB_000059__CON_000164,2996622.3626009314
JOB_000059__CON_000174,3081039.1630349504
JOB_000059__CON_000187,3004689.8229031404
JOB_000059__CON_000194,2999275.3501688843
JOB_000059__CON_000215,3081681.4422229608
JOB_000078__CON_000060,1012062.2293379025
JOB_000078__CON_000130,996728.4862376084
JOB_000085__CON_000060,1118488.7311149721
JOB_000085__CON_000130,1121736.1040250629
JOB_000103__CON_000030,2610254.667576418
JOB_000103__CON_000047,2624368.6782158115
JOB_000103__CON_000075,2608813.949115382
JOB_000103__CON_000137,2579181.4664074457
JOB_000103__CON_000158,2621360.4497950734
JOB_000103__CON_000186,2613073.176899126
JOB_000103__CON_000187,2599403.561882833
JOB_000104__CON_000108,2015189.6205292605
JOB_000104__CON_000129,2015899.8458357304
JOB_000104__CON_000156,2011488.659712661
JOB_000104__CON_000157,2042770.696335933
JOB_000106__CON_000037,2629000.4728134233
JOB_000106__CON_000040,2622266.0478869104
JOB_000106__CON_000047,2633549.1897008093
JOB_000106__CON_000137,2640116.031518714
JOB_000106__CON_000158,2625519.871242785
JOB_000106__CON_000164,2613335.348308516
JOB_000106__CON_000183,2620045.9882996446
JOB_000106__CON_000187,2622266.0478869104
JOB_000106__CON_000207,2636475.7402621647
JOB_000117__CON_000023,768775.8500137792
JOB_000117__CON_000075,757697.0712629843
JOB_000117__CON_000148,765332.5672126208
JOB_000117__CON_000150,764839.8944221522
JOB_000117__CON_000187,764839.8944221522
JOB_000117__CON_000236,758400.0577174405
JOB_000120__CON_000017,296413.1796444286
JOB_000120__CON_000084,293275.93847635994
JOB_000120__CON_000137,316155.28851250844
JOB_000120__CON_000148,301381.9537496348
JOB_000120__CON_000193,281589.47796080646
JOB_000120__CON_000194,294152.025387581
JOB_000163__CON_000137,1242872.9999930025
JOB_000181__CON_000105,410423.73119509534
JOB_000181__CON_000132,485495.72344969324
JOB_000181__CON_000193,355635.72323700855
JOB_000186__CON_000037,2037841.443333608
JOB_000186__CON_000040,1994974.5064591775
JOB_000186__CON_000187,1994974.5064591775
JOB_000191__CON_000037,3343379.603013402
JOB_000191__CON_000158,3330076.3390606167
JOB_000194__CON_000037,5258463.7528708605
JOB_000194__CON_000158,5179130.816802514
JOB_000212__CON_000030,3622584.949890747
JOB_000212__CON_000074,3633184.5830820147
JOB_000212__CON_000075,3623246.4358264706
JOB_000212__CON_000186,3618807.603733186
JOB_000212__CON_000187,3616606.635332256
JOB_000215__CON_000229,5055286.693362823
JOB_000220__CON_000017,3287488.838789987
JOB_000220__CON_000030,3266111.583478666
JOB_000220__CON_000084,3263033.041193525
JOB_000220__CON_000158,3296152.3792919023
JOB_000220__CON_000187,3256207.097661443
JOB_000220__CON_000194,3268527.6263680877
JOB_000223__CON_000002,308286.0451122579
JOB_000223__CON_000137,319330.96543817304
JOB_000223__CON_000148,314392.0552045506
JOB_000223__CON_000158,316053.71482907364
JOB_000223__CON_000178,308293.8476495789
JOB_000223__CON_000193,298187.3312567203
JOB_000264__CON_000017,3459385.755039048
JOB_000264__CON_000037,3514229.14962216
JOB_000264__CON_000137,3459385.755039048
JOB_000264__CON_000158,3510522.1804827433
JOB_000264__CON_000169,3448117.7797215716
JOB_000264__CON_000187,3447978.8101682747
JOB_000264__CON_000194,3446442.996390672
JOB_000264__CON_000207,3459521.919801929
JOB_000264__CON_000215,3506390.0994982896
JOB_000266__CON_000115,410736.43964262755
JOB_000266__CON_000160,401075.4552319805
JOB_000266__CON_000215,431644.80426715204
JOB_000269__CON_000010,976518.1943015612
JOB_000269__CON_000037,976105.9178767903
JOB_000269__CON_000057,959931.6422963612
JOB_000277__CON_000075,361471.19775576616
JOB_000277__CON_000125,390335.89416707575
JOB_000277__CON_000187,377796.76893076283
JOB_000290__CON_000012,3089781.895707082
JOB_000290__CON_000108,3122145.424713401
JOB_000290__CON_000187,3089781.895707082
JOB_000300__CON_000037,1359272.0496588962
JOB_000300__CON_000076,1342148.6336292124
JOB_000300__CON_000158,1361375.967856469
JOB_000310__CON_000030,1557236.821013455
JOB_000310__CON_000033,1468264.6942459357
JOB_000310__CON_000039,1422627.492604762
JOB_000310__CON_000158,1561141.3007201387
JOB_000310__CON_000164,1508885.7875580774
JOB_000310__CON_000174,1575827.0472249712
JOB_000310__CON_000215,1572185.1908806688
JOB_000333__CON_000016,1175345.6106336713
JOB_000333__CON_000046,1118647.5097478472
JOB_000333__CON_000157,1121167.9223040955
JOB_000333__CON_000158,1141948.6382909438
JOB_000334__CON_000040,2180812.4698605346
JOB_000334__CON_000137,2180295.566786302
JOB_000334__CON_000148,2182347.689613443
JOB_000334__CON_000158,2207608.308797781
JOB_000334__CON_000169,2177695.818400469
JOB_000334__CON_000187,2180812.4698605346
JOB_000334__CON_000193,2182347.689613443
JOB_000334__CON_000207,2170242.045721587
JOB_000350__CON_000037,2064806.5250663876
JOB_000350__CON_000137,2009416.2479303125
JOB_000350__CON_000158,2058249.4289751474
JOB_000350__CON_000164,2008141.3262176535
JOB_000350__CON_000207,2005276.3501789216
JOB_000358__CON_000037,1235564.314574657
JOB_000358__CON_000143,1125450.6947485898
JOB_000358__CON_000158,1204368.5917754734
JOB_000358__CON_000174,1234591.4776627605
JOB_000381__CON_000009,91731108.76766095
JOB_000381__CON_000158,91191802.93828963
JOB_000381__CON_000187,91731108.76766095
JOB_000400__CON_000037,5502811.361696486
JOB_000400__CON_000158,5543768.9667297825
JOB_000400__CON_000174,5595279.687731271
JOB_000421__CON_000002,525702.9804202353
JOB_000421__CON_000036,525702.9804202353
JOB_000421__CON_000040,525702.9804202353
JOB_000421__CON_000137,540125.5388248665
JOB_000421__CON_000156,525702.9804202353
JOB_000421__CON_000158,546502.9030193441
JOB_000421__CON_000178,528168.911244233
JOB_000421__CON_000180,525702.9804202353
JOB_000421__CON_000187,525702.9804202353
JOB_000421__CON_000207,527576.1008839312
JOB_000421__CON_000219,519253.0327132263
JOB_000426__CON_000129,13579908.529289657
JOB_000426__CON_000158,13666971.767710734
JOB_000437__CON_000187,3429816.574017374
JOB_000437__CON_000207,3433932.7628735704
JOB_000457__CON_000108,1315640.6834460665
JOB_000457__CON_000137,1343408.9109252489
JOB_000457__CON_000148,1367783.7915032406
JOB_000470__CON_000037,1381248.7230850449
JOB_000470__CON_000143,1313596.6765502007
JOB_000470__CON_000158,1393564.837804359
JOB_000470__CON_000199,1332275.4365143015
JOB_000486__CON_000017,3401849.9706592117
JOB_000486__CON_000030,3381795.341631862
JOB_000486__CON_000194,3378574.7534281146
JOB_000486__CON_000215,3430506.2237474285
JOB_000496__CON_000061,356439.64018835244
JOB_000496__CON_000133,343194.8080099258
JOB_000497__CON_000157,2681375.3253718726
JOB_000497__CON_000158,2672040.370480744
JOB_000497__CON_000187,2670005.2416603905
JOB_000497__CON_000191,2681375.3253718726
JOB_000503__CON_000137,381106.9716567713
JOB_000503__CON_000148,380647.07945832616
JOB_000503__CON_000157,386510.64478288015
JOB_000503__CON_000158,370569.2777452513
JOB_000516__CON_000108,2805884.247391555
JOB_000516__CON_000129,2849676.31517654
JOB_000516__CON_000158,2849299.922131475
JOB_000516__CON_000187,2810152.3129116762
JOB_000526__CON_000033,481805.7207882366
JOB_000526__CON_000137,475461.5404117458
JOB_000526__CON_000158,488344.7706714108
JOB_000526__CON_000180,482490.6623742521
JOB_000526__CON_000187,482490.6623742521
JOB_000526__CON_000191,437764.106720856
JOB_000526__CON_000213,477283.9735508682
JOB_000532__CON_000097,716616.1793122271
JOB_000532__CON_000191,725458.6117649173
JOB_000543__CON_000033,3094752.003250805
JOB_000543__CON_000158,3136221.2174825883
JOB_000543__CON_000215,3183668.683443078
JOB_000546__CON_000170,8309019.230670643
JOB_000546__CON_000187,8163782.95600771
JOB_000548__CON_000061,608377.4153030643
JOB_000548__CON_000217,612804.0510644714
JOB_000556__CON_000017,909926.0395062137
JOB_000556__CON_000030,899755.6918953183
JOB_000556__CON_000137,940480.6282426447
JOB_000556__CON_000193,898037.4721806421
JOB_000556__CON_000194,902299.942264689
JOB_000556__CON_000219,913159.5805542131
JOB_000562__CON_000071,655019.8759290187
JOB_000562__CON_000125,666585.969471698
JOB_000562__CON_000182,673149.5587337958
JOB_000565__CON_000002,998390.9227794429
JOB_000565__CON_000036,998390.9227794429
JOB_000565__CON_000038,996200.686191859
JOB_000565__CON_000137,980374.495523815
JOB_000565__CON_000178,973097.6222494423
JOB_000584__CON_000001,1500496.6122776708
JOB_000584__CON_000030,1601875.5867237835
JOB_000584__CON_000033,1531193.8665699335
JOB_000584__CON_000039,1496832.9062009063
JOB_000584__CON_000158,1600845.4205804726
JOB_000584__CON_000164,1545415.0521076429
JOB_000584__CON_000174,1617755.7055811838
JOB_000584__CON_000215,1612649.1381818398
JOB_000588__CON_000075,422571.4467146455
JOB_000588__CON_000094,418892.00822124805
JOB_000592__CON_000064,345702.43315687927
JOB_000592__CON_000071,346853.4867891068
JOB_000592__CON_000117,329510.5268840407
JOB_000592__CON_000125,361007.0290527362
JOB_000592__CON_000182,321340.207203697
JOB_000592__CON_000203,331682.4134581578
JOB_000592__CON_000213,349920.5033179206
JOB_000612__CON_000094,3346444.72095632
JOB_000622__CON_000036,660792.0013674077
JOB_000622__CON_000037,666625.3223030989
JOB_000622__CON_000038,604695.1677600536
JOB_000622__CON_000087,614763.8387095958
JOB_000622__CON_000137,600613.991320758
JOB_000626__CON_000030,1491748.2401064888
JOB_000626__CON_000158,1497034.3297092346
JOB_000626__CON_000187,1407787.048759086
JOB_000626__CON_000194,1403601.42714425
JOB_000647__CON_000158,3894071.0632508025
JOB_000647__CON_000174,3904534.333980772
JOB_000665__CON_000164,1308524.3100253562
JOB_000677__CON_000001,1935974.3765176556
JOB_000677__CON_000037,1896629.0807776647
JOB_000677__CON_000097,1940837.0955802368
JOB_000677__CON_000191,1940837.0955802368
JOB_000678__CON_000037,2369330.947986215
JOB_000678__CON_000158,2380047.966568953
JOB_000684__CON_000033,2053629.1692311228
JOB_000684__CON_000037,2088563.9819780332
JOB_000684__CON_000039,2011102.5375930844
JOB_000684__CON_000143,2013422.6008239125
JOB_000684__CON_000158,2091134.2601881167
JOB_000684__CON_000215,2104978.616135974
JOB_000693__CON_000037,6321390.628942572
JOB_000693__CON_000158,6485823.483576137
JOB_000693__CON_000183,6264033.455927666
JOB_000696__CON_000137,1275828.9413692532
JOB_000696__CON_000158,1255514.8620047518
JOB_000696__CON_000215,1256223.6318425678
JOB_000697__CON_000037,1659328.6505571506
JOB_000697__CON_000149,1659993.2768881563
JOB_000697__CON_000158,1664447.980717041
JOB_000697__CON_000174,1664447.980717041
JOB_000723__CON_000033,1762778.0014466562
JOB_000723__CON_000158,1788344.6309811021
JOB_000723__CON_000215,1797097.969968681
JOB_000725__CON_000046,3080171.393498857
JOB_000725__CON_000158,3082625.1551019684
JOB_000725__CON_000187,3076699.9372532293
JOB_000728__CON_000036,2102093.73495312
JOB_000728__CON_000137,2149729.7140213423
JOB_000728__CON_000156,2102093.73495312
JOB_000728__CON_000178,2111890.8231215854
JOB_000731__CON_000030,5858619.593228607
JOB_000731__CON_000031,5861475.023454207
JOB_000731__CON_000075,5807527.827374598
JOB_000731__CON_000158,5859711.576758309
JOB_000731__CON_000187,5815853.369267726
JOB_000754__CON_000152,3091857.914074148
JOB_000754__CON_000158,3133286.518502674
JOB_000754__CON_000194,3094902.127649433
JOB_000768__CON_000187,1106109.6532736353
JOB_000778__CON_000043,2424399.3424075395
JOB_000778__CON_000074,2504592.0354304155
JOB_000778__CON_000152,2413455.0686086025
JOB_000778__CON_000187,2424399.3424075395
JOB_000787__CON_000017,3729985.896475031
JOB_000787__CON_000030,3722594.9770063874
JOB_000787__CON_000137,3731508.818526432
JOB_000787__CON_000158,3748604.6366812685
JOB_000787__CON_000169,3711662.165951509
JOB_000787__CON_000194,3716992.911870044
JOB_000787__CON_000219,3731508.818526432
JOB_000803__CON_000001,1039189.3468387675
JOB_000803__CON_000137,1040435.0596582658
JOB_000803__CON_000186,1019089.9170492955
JOB_000803__CON_000187,1009874.0308778667
JOB_000821__CON_000107,258572.1217513349
JOB_000821__CON_000132,474333.3250856329
JOB_000821__CON_000161,267035.6594914524
JOB_000821__CON_000193,275949.0900450494
JOB_000822__CON_000037,1516259.995774518
JOB_000822__CON_000143,1416692.4603006258
JOB_000822__CON_000158,1525193.1119267636
JOB_000854__CON_000088,1305667.2803306514
JOB_000854__CON_000187,1300737.1395265383
JOB_000854__CON_000236,1272946.958097103
JOB_000856__CON_000030,1831619.591939727
JOB_000856__CON_000074,1830860.6389644516
JOB_000856__CON_000131,1830894.3398207766
JOB_000856__CON_000187,1830894.3398207766
JOB_000863__CON_000033,1068114.412146922
JOB_000863__CON_000158,1076375.730524677
JOB_000863__CON_000169,1035218.179200531
JOB_000863__CON_000174,1091853.954603973
JOB_000863__CON_000187,1054516.4612284394
JOB_000876__CON_000037,694921.4875219119
JOB_000876__CON_000137,700781.0459852294
JOB_000876__CON_000164,692025.1382714775
JOB_000876__CON_000187,695216.5795918254
JOB_000876__CON_000215,695431.165403105
JOB_000877__CON_000047,520461.673606957
JOB_000877__CON_000066,501643.75143724243
JOB_000877__CON_000158,521976.296347061
JOB_000877__CON_000187,511729.8539823317
JOB_000897__CON_000017,1579011.588445448
JOB_000897__CON_000039,1576181.9132114467
JOB_000897__CON_000075,1573536.4984055026
JOB_000897__CON_000084,1573007.419802749
JOB_000897__CON_000158,1584032.187520988
JOB_000897__CON_000194,1572618.7797149592
JOB_000902__CON_000031,3923527.907250618
JOB_000902__CON_000075,3868734.747591324
JOB_000902__CON_000088,3929840.139674871
JOB_000902__CON_000187,3880747.2833909253
JOB_000903__CON_000030,1960297.7358802594
JOB_000903__CON_000075,1906531.2294123054
JOB_000903__CON_000158,1972237.6167551838
JOB_000903__CON_000187,1902279.8008391855
JOB_000924__CON_000036,473909.4865694662
JOB_000924__CON_000038,489650.52615610836
JOB_000924__CON_000137,494135.88318349986
JOB_000924__CON_000178,470015.67191442644
JOB_000930__CON_000133,1811842.956260575
JOB_000930__CON_000162,1811842.956260575
JOB_000930__CON_000217,1880936.8316089103
JOB_000952__CON_000001,487951.01751176175
JOB_000952__CON_000097,433479.077648871
JOB_000952__CON_000191,439756.01038237626
JOB_000965__CON_000037,5404817.668213784
JOB_000965__CON_000164,5342053.185344787
JOB_000965__CON_000215,5440282.36946468
JOB_000965__CON_000229,5432186.229845816
JOB_000969__CON_000130,3009724.4407506795
JOB_000969__CON_000164,3024380.596280627
JOB_001000__CON_000016,12257950.604212763
JOB_001000__CON_000037,12219009.759671507
JOB_001000__CON_000046,12331454.427811619
JOB_001000__CON_000158,12282986.02730203
JOB_001000__CON_000187,12325018.68081057
JOB_001000__CON_000215,12259343.552582603
JOB_001005__CON_000103,655535.3000406846
JOB_001005__CON_000106,599989.3889114113
JOB_001005__CON_000116,603896.12217001
JOB_001014__CON_000036,1258933.3122672897
JOB_001014__CON_000037,1272781.4812868438
JOB_001014__CON_000038,1291733.5503663104
JOB_001014__CON_000045,1273828.550421214
JOB_001014__CON_000137,1276091.6319216383
JOB_001014__CON_000158,1274249.5028958104
JOB_001014__CON_000187,1258933.3122672897
JOB_001026__CON_000105,510690.01291992323
JOB_001026__CON_000132,527927.4052513833
JOB_001026__CON_000193,513505.92646317935
JOB_001027__CON_000037,498666.53795453184
JOB_001027__CON_000057,474700.60983161564
JOB_001027__CON_000199,499145.59387164837
JOB_001027__CON_000213,469098.14822834614
JOB_001040__CON_000075,4372658.61843614
JOB_001040__CON_000088,4362846.766079735
JOB_001047__CON_000075,1862332.0081209454
JOB_001047__CON_000088,1898221.7426167591
JOB_001049__CON_000037,9796668.091008473
JOB_001049__CON_000045,9874287.709940812
JOB_001049__CON_000158,9816776.250420557
JOB_001067__CON_000108,10029300.092473805
JOB_001067__CON_000129,10131433.360151274
JOB_001067__CON_000158,10281694.044439176
JOB_001067__CON_000187,9961450.685600504
JOB_001072__CON_000039,2567437.294477689
JOB_001072__CON_000046,2587832.900222274
JOB_001072__CON_000158,2665801.720366326
JOB_001072__CON_000169,2572843.932440314
JOB_001072__CON_000215,2696971.354108182
JOB_001073__CON_000037,2687109.1385638006
JOB_001073__CON_000158,2681359.4097376433
JOB_001074__CON_000037,11276014.320361644
JOB_001074__CON_000158,11357644.455058798
JOB_001074__CON_000187,11023574.34305355
JOB_001074__CON_000207,11045665.865716396
JOB_001088__CON_000037,6687886.805570234
JOB_001088__CON_000137,6624368.60981709
JOB_001088__CON_000151,6865084.737024638
JOB_001088__CON_000187,6619271.610141369
JOB_001088__CON_000207,6624368.60981709
JOB_001088__CON_000215,6853713.742811651
JOB_001090__CON_000001,1830985.363782868
JOB_001090__CON_000030,1893963.0244800062
JOB_001090__CON_000033,1841783.3816832914
JOB_001090__CON_000039,1823265.1932292138
JOB_001090__CON_000158,1882082.1487075663
JOB_001090__CON_000169,1825481.7130468441
JOB_001090__CON_000215,1872965.5234493401
JOB_001111__CON_000164,1353202.4199322844
JOB_001113__CON_000001,1174374.1585803737
JOB_001113__CON_000030,1210377.9946576217
JOB_001113__CON_000075,1195563.988645644
JOB_001113__CON_000088,1211382.1961458386
JOB_001113__CON_000187,1192623.5931497896
JOB_001113__CON_000236,1194795.9418440612
JOB_001135__CON_000017,913512.6482080701
JOB_001135__CON_000036,900869.2398069811
JOB_001135__CON_000137,945118.0038595585
JOB_001135__CON_000164,894210.022034896
JOB_001135__CON_000178,908638.8402066664
JOB_001135__CON_000193,890805.3769875226
JOB_001135__CON_000194,909990.765068308
JOB_001135__CON_000207,908638.8402066664
JOB_001135__CON_000219,908399.9569144518
JOB_001172__CON_000037,2800020.409979186
JOB_001172__CON_000158,2792039.7539843237
JOB_001174__CON_000108,356431.00484835886
JOB_001174__CON_000137,382459.08742155455
JOB_001174__CON_000156,361006.2772071056
JOB_001174__CON_000157,382480.24507216463
JOB_001174__CON_000178,360829.51012939
JOB_001174__CON_000187,362610.93143142655
JOB_001182__CON_000037,11577866.767834915
JOB_001182__CON_000045,11678012.453216339
JOB_001182__CON_000123,11634447.468015825
JOB_001182__CON_000174,11634447.468015825
JOB_001182__CON_000199,11657844.637628606
JOB_001183__CON_000108,11413768.257384153
JOB_001183__CON_000187,11415668.251607968
JOB_001191__CON_000031,1621262.8878562234
JOB_001191__CON_000090,1617453.4965989103
JOB_001191__CON_000187,1617453.4965989103
JOB_001202__CON_000048,408445.2356474728
JOB_001202__CON_000187,412937.2227882374
JOB_001204__CON_000097,229433.73234551336
JOB_001204__CON_000191,237047.36995918988
JOB_001210__CON_000024,1103141.2897807232
JOB_001210__CON_000108,1109036.5351599103
JOB_001210__CON_000129,1131546.7689491292
JOB_001210__CON_000137,1111431.195255049
JOB_001210__CON_000178,1101901.4891043748
JOB_001210__CON_000187,1103141.2897807232
JOB_001210__CON_000210,1103141.2897807232
JOB_001216__CON_000107,747909.9844130483
JOB_001216__CON_000132,838097.5818922448
JOB_001219__CON_000130,484400.54084148596
JOB_001219__CON_000164,497014.62477212923
JOB_001219__CON_000216,487760.229105267
JOB_001224__CON_000097,317045.3373593674
JOB_001224__CON_000191,328903.6939978328
JOB_001233__CON_000030,5321411.181870362
JOB_001233__CON_000033,5272785.197942052
JOB_001233__CON_000037,5334929.275842509
JOB_001233__CON_000158,5369870.460529788
JOB_001233__CON_000169,5286742.400855058
JOB_001233__CON_000174,5388506.1398238465
JOB_001233__CON_000187,5276277.788751514
JOB_001233__CON_000215,5382833.493751557
JOB_001263__CON_000037,12533791.607012363
JOB_001263__CON_000045,12527156.436787024
JOB_001263__CON_000123,12537237.659006212
JOB_001263__CON_000174,12537237.659006212
JOB_001264__CON_000075,840260.1716839288
JOB_001264__CON_000158,856767.5196574712
JOB_001264__CON_000187,850301.7221540088
JOB_001268__CON_000017,732370.9646834004
JOB_001268__CON_000030,754702.2431287895
JOB_001268__CON_000137,760330.12982134
JOB_001268__CON_000169,732418.5672780022
JOB_001268__CON_000193,697776.0440125667
JOB_001268__CON_000194,736105.4823552904
JOB_001280__CON_000001,1813029.766243193
JOB_001280__CON_000030,1866969.7540508131
JOB_001280__CON_000033,1846165.317422321
JOB_001280__CON_000039,1790027.7217474433
JOB_001280__CON_000158,1865575.950430344
JOB_001280__CON_000169,1796322.3448209034
JOB_001280__CON_000215,1888335.9477243694
JOB_001293__CON_000037,13250757.98392793
JOB_001293__CON_000158,13266855.79553393
JOB_001293__CON_000187,12984820.966724552
JOB_001301__CON_000046,3148883.406900125
JOB_001301__CON_000158,3165189.8680170267
JOB_001301__CON_000187,3143634.7751803617
JOB_001306__CON_000016,1795759.0135969564
JOB_001306__CON_000033,1742824.11106076
JOB_001306__CON_000039,1724023.199220625
JOB_001306__CON_000046,1739588.9316052014
JOB_001306__CON_000158,1776174.1466495837
JOB_001306__CON_000169,1729046.7259294598
JOB_001317__CON_000030,394672.16809430945
JOB_001317__CON_000036,384506.23728695896
JOB_001317__CON_000137,396445.4930591678
JOB_001317__CON_000169,377623.74550491077
JOB_001317__CON_000219,395761.26571054856
JOB_001323__CON_000030,7140022.346215737
JOB_001323__CON_000074,7106031.453426433
JOB_001323__CON_000075,7010353.10410999
JOB_001323__CON_000158,7191802.842255601
JOB_001323__CON_000187,7002389.829197569
JOB_001323__CON_000215,7230049.397921035
JOB_001324__CON_000066,626718.148500561
JOB_001324__CON_000137,636520.9939326815
JOB_001345__CON_000075,890678.8455760847
JOB_001345__CON_000094,860720.1270032177
JOB_001363__CON_000074,2595866.4231936764
JOB_001363__CON_000075,2585717.9542881045
JOB_001363__CON_000187,2582790.698787515
JOB_001363__CON_000236,2593609.9880247624
JOB_001364__CON_000157,510344.19012655626
JOB_001364__CON_000158,547412.1329049431
JOB_001364__CON_000187,535750.4385903792
JOB_001369__CON_000075,18418245.213056415
JOB_001369__CON_000102,18240262.55676632
JOB_001369__CON_000164,17825013.51484887
JOB_001375__CON_000038,1174636.7283724712
JOB_001375__CON_000137,1170683.0460817672
JOB_001377__CON_000037,15008885.325269844
JOB_001377__CON_000045,15109979.71892448
JOB_001377__CON_000158,15054207.850687252
JOB_001377__CON_000174,15082544.211195273
JOB_001377__CON_000199,14843051.918940393
JOB_001390__CON_000047,21647260.29055933
JOB_001390__CON_000158,21520963.609782416
JOB_001390__CON_000164,21545288.162377868
JOB_001390__CON_000187,21544526.79201465
JOB_001392__CON_000094,399621.2928599856
JOB_001392__CON_000103,337660.7186974645
JOB_001392__CON_000116,278056.86598456977
JOB_001392__CON_000137,420222.94138445414
JOB_001401__CON_000037,2298979.953760957
JOB_001401__CON_000187,2263483.3458873793
JOB_001404__CON_000001,1960976.1793335967
JOB_001404__CON_000047,2078643.0397981962
JOB_001404__CON_000075,1978759.9204830183
JOB_001404__CON_000131,1984564.480034474
JOB_001404__CON_000137,1961576.05129309
JOB_001404__CON_000158,2056630.525422766
JOB_001404__CON_000169,1965331.1556828304
JOB_001404__CON_000187,1985729.7519444271
JOB_001422__CON_000108,359817.52715377905
JOB_001422__CON_000187,363413.01231676753
JOB_001426__CON_000137,1363137.7453837292
JOB_001438__CON_000001,260582.56434018316
JOB_001438__CON_000030,281900.28144981124
JOB_001438__CON_000036,261289.8462479769
JOB_001438__CON_000131,261289.8462479769
JOB_001438__CON_000187,261289.8462479769
JOB_001438__CON_000194,250004.1572303296
JOB_001438__CON_000219,269212.51784234314
JOB_001456__CON_000017,1236817.3295958675
JOB_001456__CON_000215,1294063.6109751083
JOB_001460__CON_000036,496148.11427115824
JOB_001460__CON_000038,471925.57509517315
JOB_001460__CON_000137,470991.71300194715
JOB_001460__CON_000178,481604.8391074493
JOB_001503__CON_000001,9563187.496946886
JOB_001503__CON_000075,9563187.496946886
JOB_001503__CON_000088,9662418.052066356
JOB_001503__CON_000187,9567567.364463948
JOB_001503__CON_000215,9684054.184083786
JOB_001511__CON_000097,309526.0308926919
JOB_001511__CON_000191,315611.5326755947
JOB_001549__CON_000105,362236.37539476005
JOB_001549__CON_000132,474333.3250856329
JOB_001549__CON_000193,275949.0900450494
JOB_001549__CON_000205,267035.6594914524
JOB_001550__CON_000001,1038344.3050467449
JOB_001550__CON_000023,1044991.9051038456
JOB_001550__CON_000158,1069454.7408247709
JOB_001550__CON_000187,1045901.5969451325
JOB_001555__CON_000017,1790419.7798658712
JOB_001555__CON_000030,1790740.8799816654
JOB_001555__CON_000137,1812039.7030145014
JOB_001555__CON_000158,1793655.277572628
JOB_001555__CON_000188,1786422.1704383816
JOB_001555__CON_000194,1785993.0140883164
JOB_001555__CON_000219,1802317.1064159167
JOB_001557__CON_000001,364884.3936720594
JOB_001557__CON_000097,344449.9065989489
JOB_001557__CON_000191,346015.9798590602
JOB_001572__CON_000037,4337577.961780333
JOB_001572__CON_000158,4355758.900547039
JOB_001572__CON_000169,4272879.289568044
JOB_001572__CON_000187,4267976.437971447
JOB_001572__CON_000199,4268342.027141486
JOB_001572__CON_000215,4376882.3943725955
JOB_001572__CON_000220,4267976.437971447
JOB_001597__CON_000087,2080091.7521217503
JOB_001597__CON_000108,2063038.2286245557
JOB_001597__CON_000137,2070388.6485101122
JOB_001597__CON_000187,2072608.385845212
JOB_001599__CON_000037,7413171.155683772
JOB_001599__CON_000137,7418108.911509241
JOB_001599__CON_000158,7459708.153265297
JOB_001599__CON_000164,7378228.205473525
JOB_001599__CON_000169,7402403.578062606
JOB_001599__CON_000187,7384311.781496387
JOB_001599__CON_000194,7413536.980346507
JOB_001599__CON_000207,7392551.310744591
JOB_001610__CON_000037,3504950.390727658
JOB_001610__CON_000143,3507363.9578562737
JOB_001610__CON_000158,3531142.5628571776
JOB_001610__CON_000174,3507043.4609049596
JOB_001610__CON_000187,3498126.4277007976
JOB_001616__CON_000036,560968.6972477204
JOB_001616__CON_000038,540594.1793017987
JOB_001616__CON_000087,543428.3106736126
JOB_001616__CON_000137,541485.5646848221
JOB_001617__CON_000033,1292288.627572538
JOB_001617__CON_000039,1288330.1643094076
JOB_001617__CON_000158,1336853.0219951281
JOB_001617__CON_000164,1300761.8198806862
JOB_001617__CON_000169,1283427.054068194
JOB_001617__CON_000174,1366219.117544001
JOB_001617__CON_000187,1292430.5681509606
JOB_001617__CON_000215,1346576.632926934
JOB_001628__CON_000108,1770625.8911673657
JOB_001628__CON_000129,1827633.2378289173
JOB_001628__CON_000187,1741836.0068840352
JOB_001631__CON_000017,694207.667252601
JOB_001631__CON_000158,717059.030142507
JOB_001631__CON_000187,700571.3243156285
JOB_001631__CON_000194,694472.0896110662
JOB_001644__CON_000108,1961742.487269994
JOB_001644__CON_000137,1973141.3352663554
JOB_001644__CON_000156,1952771.8795335945
JOB_001652__CON_000037,4730789.320440684
JOB_001652__CON_000158,4775971.852128065
JOB_001652__CON_000199,4710275.172002364
JOB_001654__CON_000031,1743994.8419248736
JOB_001654__CON_000075,1762746.9493181095
JOB_001654__CON_000187,1751245.5853904684
JOB_001655__CON_000037,16909867.6223429
JOB_001655__CON_000158,16958120.584660627
JOB_001655__CON_000187,16608191.012038562
JOB_001657__CON_000001,427117.2387564552
JOB_001657__CON_000097,397186.1301957535
JOB_001661__CON_000108,5287951.662715286
JOB_001661__CON_000129,5360451.832348198
JOB_001661__CON_000187,5311056.684714041
JOB_001665__CON_000017,916642.1852101017
JOB_001665__CON_000137,940877.9441157077
JOB_001665__CON_000193,898783.4635722181
JOB_001665__CON_000194,921810.2246062019
JOB_001665__CON_000219,913690.3018388118
JOB_001671__CON_000016,1596944.0370597518
JOB_001671__CON_000039,1476006.2162943445
JOB_001671__CON_000046,1500619.2679559086
JOB_001671__CON_000158,1591883.3385665438
JOB_001671__CON_000187,1488051.127587578
JOB_001679__CON_000037,689236.3279296202
JOB_001679__CON_000137,680143.4529415147
JOB_001679__CON_000158,691369.654401315
JOB_001679__CON_000164,686865.9087164489
JOB_001682__CON_000237,1402431.999844039
JOB_001700__CON_000036,2177917.9957600706
JOB_001700__CON_000075,2175893.457417754
JOB_001700__CON_000150,2177917.9957600706
JOB_001700__CON_000167,2242368.151672577
JOB_001700__CON_000187,2177917.9957600706
JOB_001702__CON_000108,1699961.6686974987
JOB_001702__CON_000129,1716948.4634882314
JOB_001718__CON_000037,2089770.9157305814
JOB_001718__CON_000158,2089230.2563433943
JOB_001718__CON_000187,2069107.8563776058
JOB_001718__CON_000207,2061306.6100307917
JOB_001731__CON_000137,5234056.929118858
JOB_001731__CON_000158,5216858.810788515
JOB_001731__CON_000187,5203787.390592299
JOB_001743__CON_000036,807450.2056508627
JOB_001743__CON_000137,786554.2037168923
JOB_001743__CON_000169,794399.9285971377
JOB_001743__CON_000178,788716.244496035
JOB_001743__CON_000193,750788.1060959724
JOB_001746__CON_000012,8396866.110478042
JOB_001746__CON_000149,8408543.669040611
JOB_001746__CON_000158,8475408.095370606
JOB_001746__CON_000192,8396866.110478042
JOB_001752__CON_000037,1980319.6981435567
JOB_001752__CON_000158,1982597.3474499825
JOB_001756__CON_000012,9952170.454921145
JOB_001756__CON_000158,10391252.051748151
JOB_001756__CON_000187,9952170.454921145
JOB_001756__CON_000207,9937539.835251467
JOB_001769__CON_000120,3871939.117210199
JOB_001769__CON_000158,3924223.3002476655
JOB_001780__CON_000158,2230649.3376493244
JOB_001780__CON_000215,2231584.905616668
JOB_001790__CON_000071,1687213.5373310987
JOB_001790__CON_000125,1734188.533402482
JOB_001790__CON_000196,1599057.9315745065
JOB_001790__CON_000213,1736100.5511296345
JOB_001802__CON_000001,1747069.37039289
JOB_001802__CON_000075,1759985.6700666682
JOB_001802__CON_000137,1749441.6638283993
JOB_001802__CON_000158,1779125.7523478537
JOB_001802__CON_000186,1755813.2869268002
JOB_001802__CON_000187,1758983.0802749451
JOB_001813__CON_000075,5649135.498905908
JOB_001813__CON_000158,5678080.949370688
JOB_001813__CON_000187,5651646.44319429
JOB_001838__CON_000001,1320386.12000904
JOB_001838__CON_000030,1391203.315760007
JOB_001838__CON_000033,1353906.5419483287
JOB_001838__CON_000075,1324718.9446901956
JOB_001838__CON_000158,1402740.0990614365
JOB_001838__CON_000187,1340147.0117608118
JOB_001845__CON_000043,1095436.3953099186
JOB_001845__CON_000074,1134446.5074983581
JOB_001845__CON_000152,1158645.577466062
JOB_001845__CON_000187,1097573.5752847174
JOB_001854__CON_000017,2920430.5893215467
JOB_001854__CON_000037,2897690.537445137
JOB_001854__CON_000084,2920030.692463391
JOB_001854__CON_000137,2919183.4792051306
JOB_001854__CON_000158,2900279.595513613
JOB_001854__CON_000215,2927219.3037416306
JOB_001872__CON_000012,31621606.47431944
JOB_001872__CON_000047,32400853.826428518
JOB_001872__CON_000151,32454647.35742202
JOB_001872__CON_000158,32058580.994104702
JOB_001872__CON_000164,31624883.82209468
JOB_001872__CON_000187,31621606.47431944
JOB_001905__CON_000036,528514.6060760507
JOB_001905__CON_000037,537288.5739363481
JOB_001905__CON_000040,528514.6060760507
JOB_001905__CON_000137,523387.6716529294
JOB_001905__CON_000158,537036.6888724812
JOB_001905__CON_000178,518387.3942917779
JOB_001905__CON_000187,528514.6060760507
JOB_001905__CON_000193,501871.9613157935
JOB_001905__CON_000219,510481.3045150019
JOB_001916__CON_000075,3915684.3152310336
JOB_001916__CON_000158,4005433.9599945964
JOB_001916__CON_000187,3923759.0166483796
JOB_001931__CON_000037,16139236.305715015
JOB_001931__CON_000158,16166884.127030645
JOB_001937__CON_000057,680992.3861192001
JOB_001937__CON_000120,684745.5270732838
JOB_001937__CON_000174,708403.5981040502
JOB_001967__CON_000158,4560896.992986631
JOB_001967__CON_000164,4595129.54023399
JOB_001968__CON_000030,2891898.81025317
JOB_001968__CON_000075,2860632.26630732
JOB_001968__CON_000187,2867673.678433196
JOB_002001__CON_000009,2206772.6078059087
JOB_002001__CON_000212,2206772.6078059087
JOB_002009__CON_000033,1681761.5495798849
JOB_002009__CON_000037,1687966.2567501862
JOB_002009__CON_000039,1660823.4027946014
JOB_002009__CON_000169,1651564.1703733688
JOB_002009__CON_000215,1664469.3037273306
JOB_002028__CON_000037,1458858.6384611253
JOB_002028__CON_000039,1374835.784579235
JOB_002028__CON_000143,1364325.0172687322
JOB_002028__CON_000158,1449779.0675101602
JOB_002028__CON_000169,1380428.5391580542
JOB_002028__CON_000174,1460485.4548668722
JOB_002028__CON_000187,1393810.219251915
JOB_002028__CON_000215,1457688.5735903773
JOB_002031__CON_000074,5936877.1476764735
JOB_002031__CON_000075,5959149.224207298
JOB_002031__CON_000186,5954826.328400274
JOB_002031__CON_000187,5955281.251549375
JOB_002035__CON_000001,943293.8072786196
JOB_002035__CON_000030,901376.9672652608
JOB_002035__CON_000047,939088.1455058618
JOB_002035__CON_000048,903835.255675918
JOB_002035__CON_000158,897998.988130402
JOB_002035__CON_000186,911066.3332888439
JOB_002035__CON_000187,903279.1546288757
JOB_002035__CON_000197,903279.1546288757
JOB_002051__CON_000037,1464392.1801570281
JOB_002057__CON_000017,1991186.4886768935
JOB_002057__CON_000030,2012058.3147105856
JOB_002057__CON_000084,1987860.2245484304
JOB_002057__CON_000137,1989780.054106825
JOB_002057__CON_000158,2056174.0391095006
JOB_002057__CON_000169,1993915.3154850046
JOB_002057__CON_000194,1994651.3388937102
JOB_002057__CON_000207,1991186.4886768935
JOB_002057__CON_000215,2122661.60368335
JOB_002057__CON_000219,1995255.7111424927
JOB_002064__CON_000017,234834.9424562395
JOB_002064__CON_000097,138324.6695761428
JOB_002064__CON_000191,146501.4579422177
JOB_002100__CON_000048,3692591.814285795
JOB_002100__CON_000170,3651207.55725093
JOB_002100__CON_000187,3694304.3436675775
JOB_002119__CON_000017,2004692.4403242122
JOB_002119__CON_000030,2023658.0375515388
JOB_002119__CON_000137,2021673.5073329355
JOB_002119__CON_000158,2035820.0224187206
JOB_002119__CON_000193,1984482.8478335757
JOB_002119__CON_000194,1998898.2584004856
JOB_002119__CON_000215,4199154.732351026
JOB_002119__CON_000219,1995504.004955622
JOB_002122__CON_000017,1043773.8673207546
JOB_002122__CON_000030,1056144.046374549
JOB_002122__CON_000084,1045566.9146683101
JOB_002122__CON_000137,1054049.1793102543
JOB_002122__CON_000158,1057512.1651044101
JOB_002122__CON_000193,1045192.7892039195
JOB_002122__CON_000194,1040686.7368898548
JOB_002122__CON_000219,1048801.482286344
JOB_002126__CON_000094,735487.3263295317
JOB_002126__CON_000103,741358.4824251917
JOB_002126__CON_000137,728046.7196865244
JOB_002127__CON_000037,4740605.362609465
JOB_002127__CON_000045,4779979.705429518
JOB_002127__CON_000199,4721542.498493555
JOB_002127__CON_000220,4682523.17330755
JOB_002139__CON_000037,518891.1878731729
JOB_002139__CON_000097,451767.013470566
JOB_002139__CON_000191,466784.23569146846
JOB_002159__CON_000137,1757293.784385578
JOB_002159__CON_000148,1768048.2289807848
JOB_002161__CON_000071,477691.549792803
JOB_002161__CON_000125,486604.5317545364
JOB_002161__CON_000196,487518.69849408197
JOB_002161__CON_000213,482978.1733998526
JOB_002165__CON_000017,1887954.2987276376
JOB_002165__CON_000194,1906388.3376359046
JOB_002165__CON_000215,1975119.2924091297
JOB_002210__CON_000187,525322.7114862101
JOB_002240__CON_000038,837318.899593369
JOB_002240__CON_000137,831980.2073755388
JOB_002246__CON_000031,2286962.413837177
JOB_002246__CON_000075,2294865.545870021
JOB_002246__CON_000158,2320977.943090493
JOB_002246__CON_000187,2295325.6077720886
JOB_002247__CON_000130,1403142.9649386022
JOB_002247__CON_000164,1416356.9396907054
JOB_002262__CON_000037,4342480.838745336
JOB_002262__CON_000047,4334524.411695851
JOB_002262__CON_000158,4327100.413253871
JOB_002262__CON_000164,4363460.914847388
JOB_002262__CON_000207,4416775.900761981
JOB_002273__CON_000030,11593975.551721366
JOB_002273__CON_000074,11618184.663596101
JOB_002273__CON_000090,11618585.334264323
JOB_002273__CON_000158,11530681.04518928
JOB_002273__CON_000187,11618585.334264323
JOB_002280__CON_000158,1423127.9917492417
JOB_002280__CON_000215,1432640.1487858135
JOB_002288__CON_000158,418433.56948992313
JOB_002288__CON_000207,403327.0866091759
JOB_002301__CON_000037,263512.70284081774
JOB_002301__CON_000187,264874.43425260263
JOB_002301__CON_000207,265041.6119201565
JOB_002319__CON_000033,1753354.4045161237
JOB_002319__CON_000037,1876284.1703016302
JOB_002319__CON_000039,1727877.9485654684
JOB_002319__CON_000158,1855656.8418107603
JOB_002319__CON_000164,1798631.9640191332
JOB_002319__CON_000169,1736732.719387604
JOB_002319__CON_000187,1749387.616498785
JOB_002319__CON_000194,1741303.1841933539
JOB_002319__CON_000215,1853475.9215818571
JOB_002319__CON_000220,1744899.892809278
JOB_002323__CON_000030,922297.0493704815
JOB_002323__CON_000075,922114.4316541227
JOB_002323__CON_000158,925013.3639486713
JOB_002323__CON_000164,918045.0013363917
JOB_002323__CON_000169,922278.5924538599
JOB_002323__CON_000187,917392.6487353317
JOB_002323__CON_000194,919594.9003433412
JOB_002333__CON_000030,1363896.0701319224
JOB_002333__CON_000037,1367063.236151952
JOB_002333__CON_000137,1352936.7075501264
JOB_002333__CON_000158,1365823.1061411137
JOB_002333__CON_000164,1349176.505020667
JOB_002333__CON_000169,1328663.605868521
JOB_002333__CON_000174,1409800.5789389985
JOB_002338__CON_000037,9433275.864786038
JOB_002338__CON_000158,9463045.2029428
JOB_002338__CON_000187,9458489.461366458
JOB_002338__CON_000207,9448006.51417747
JOB_002364__CON_000037,1948148.3733486317
JOB_002364__CON_000158,1948550.0837839933
JOB_002364__CON_000169,1932206.4326922277
JOB_002364__CON_000174,1973200.817423655
JOB_002364__CON_000187,1934794.5360187048
JOB_002364__CON_000215,1958790.5687722287
JOB_002365__CON_000036,393042.7015694584
JOB_002365__CON_000038,393922.4896626866
JOB_002365__CON_000087,394006.542859906
JOB_002365__CON_000137,410424.44189777045
JOB_002390__CON_000001,5336025.03325016
JOB_002390__CON_000031,5374790.807256884
JOB_002390__CON_000075,5337798.8819353
JOB_002390__CON_000158,5433538.633552538
JOB_002395__CON_000030,1089763.570569686
JOB_002395__CON_000048,1072272.3888326923
JOB_002395__CON_000075,1063338.4640151379
JOB_002395__CON_000077,1072629.1538851962
JOB_002395__CON_000088,1087083.3917081628
JOB_002395__CON_000137,1077695.965100464
JOB_002395__CON_000167,1088285.0038148533
JOB_002395__CON_000186,1069456.7712666753
JOB_002395__CON_000187,1072272.3888326923
JOB_002395__CON_000219,1075239.1181528666
JOB_002397__CON_000105,362236.37539476005
JOB_002397__CON_000132,474333.3250856329
JOB_002397__CON_000193,275949.0900450494
JOB_002397__CON_000205,267035.6594914524
JOB_002398__CON_000017,5207531.734990274
JOB_002398__CON_000194,5204213.9253379265
JOB_002406__CON_000108,3407258.8515423764
JOB_002406__CON_000129,3411412.060891656
JOB_002406__CON_000187,3440834.2421514764
JOB_002414__CON_000030,3513939.595758391
JOB_002414__CON_000033,3477115.3757605553
JOB_002414__CON_000075,3474276.775499026
JOB_002414__CON_000158,3607083.567141429
JOB_002414__CON_000164,3480387.5409972244
JOB_002414__CON_000174,3597324.7148977043
JOB_002414__CON_000187,3464483.7266439106
JOB_002414__CON_000215,3612397.5703280903
JOB_002429__CON_000017,1159369.5157323994
JOB_002429__CON_000030,1195542.3862263903
JOB_002429__CON_000084,1173543.7359620451
JOB_002429__CON_000137,1158606.6102473114
JOB_002429__CON_000193,1130356.3497755227
JOB_002429__CON_000194,1166290.4026131404
JOB_002430__CON_000031,5271057.343488879
JOB_002430__CON_000075,5288593.155912593
JOB_002430__CON_000158,5411211.974975189
JOB_002430__CON_000187,5277287.254860318
JOB_002437__CON_000037,1701814.1284906666
JOB_002437__CON_000045,1687170.6382600523
JOB_002437__CON_000057,1569207.9721430575
JOB_002437__CON_000158,1677985.2649556126
JOB_002437__CON_000199,1629345.8516001815
JOB_002440__CON_000037,4248713.155299961
JOB_002440__CON_000045,4245819.185531377
JOB_002440__CON_000158,4236747.457573981
JOB_002440__CON_000174,4249187.807637425
JOB_002440__CON_000220,4204883.533242124
JOB_002447__CON_000047,59017247.332516775
JOB_002447__CON_000058,58440083.74923193
JOB_002447__CON_000129,58197174.31324476
JOB_002447__CON_000151,59115734.243949346
JOB_002447__CON_000158,58454745.48893296
JOB_002447__CON_000187,58440083.74923193
JOB_002454__CON_000075,6830781.059315802
JOB_002454__CON_000088,6999262.3322343305
JOB_002454__CON_000186,6842482.70515687
JOB_002454__CON_000236,6842482.70515687
JOB_002495__CON_000031,2116561.871190536
JOB_002495__CON_000075,2123784.135336849
JOB_002495__CON_000187,2116827.6750409016
JOB_002506__CON_000074,1922293.1192250487
JOB_002506__CON_000075,1903230.821308548
JOB_002506__CON_000131,1909079.742416371
JOB_002506__CON_000187,1909976.7456809026
JOB_002517__CON_000037,1632482.693217192
JOB_002517__CON_000187,1596465.779909655
JOB_002517__CON_000207,1603635.940622993
JOB_002518__CON_000037,1870738.0341041768
JOB_002518__CON_000187,1877810.8432283201
JOB_002519__CON_000060,2416409.424437906
JOB_002519__CON_000069,2448093.2373448852
JOB_002519__CON_000095,2307645.303785988
JOB_002519__CON_000179,2307026.3372934973
JOB_002525__CON_000037,15258278.621819602
JOB_002525__CON_000158,15331353.953384368
JOB_002525__CON_000174,15324799.803135537
JOB_002529__CON_000037,484826.08516173356
JOB_002529__CON_000122,470695.8611247954
JOB_002529__CON_000158,486945.8635798293
JOB_002529__CON_000174,487330.86599314696
JOB_002541__CON_000033,4009592.461862508
JOB_002541__CON_000037,4094575.3491893
JOB_002541__CON_000158,4128257.8421464143
JOB_002541__CON_000164,4017177.008064942
JOB_002541__CON_000169,3999876.4908248754
JOB_002541__CON_000174,4127291.9799781037
JOB_002541__CON_000187,3993590.060503498
JOB_002541__CON_000215,4135407.706147025
JOB_002541__CON_000220,3993920.6186780143
JOB_002545__CON_000061,614550.772678221
JOB_002545__CON_000217,688685.0164043722
JOB_002548__CON_000037,320976.505389185
JOB_002548__CON_000067,334655.0317237379
JOB_002548__CON_000137,341096.7994464485
JOB_002548__CON_000148,344992.4378633968
JOB_002567__CON_000039,1968297.9319947031
JOB_002567__CON_000137,1986168.3901143852
JOB_002567__CON_000158,2024546.1363679955
JOB_002567__CON_000164,2003585.6715646884
JOB_002567__CON_000169,1980755.8921823362
JOB_002567__CON_000215,2037735.7641752472
JOB_002581__CON_000046,1336166.6004429143
JOB_002581__CON_000158,1374420.9989550624
JOB_002589__CON_000105,410423.73119509534
JOB_002589__CON_000132,485495.72344969324
JOB_002589__CON_000193,355635.72323700855
JOB_002589__CON_000205,385558.4393461543
JOB_002596__CON_000046,426236.1512779317
JOB_002596__CON_000157,407782.634040089
JOB_002596__CON_000158,438531.30481472187
JOB_002596__CON_000191,355883.1702130518
JOB_002599__CON_000038,2828177.959978015
JOB_002599__CON_000043,2804732.0113387965
JOB_002599__CON_000074,2776203.883493891
JOB_002599__CON_000158,2784307.089485311
JOB_002599__CON_000187,2804656.8507890813
JOB_002604__CON_000043,5648953.870204787
JOB_002604__CON_000074,5699849.621011989
JOB_002604__CON_000152,5667012.052877963
JOB_002604__CON_000187,5648953.870204787
JOB_002604__CON_000194,5663669.520920528
JOB_002625__CON_000108,1846553.0129734606
JOB_002625__CON_000158,1889746.6690131237
JOB_002625__CON_000187,1836002.7309301812
JOB_002628__CON_000047,5448664.799572812
JOB_002628__CON_000158,5422372.682965875
JOB_002628__CON_000187,5363849.0596202
JOB_002644__CON_000037,9057611.338340541
JOB_002644__CON_000158,9137260.233850585
JOB_002651__CON_000017,683295.3500826221
JOB_002651__CON_000084,689789.2442085722
JOB_002651__CON_000137,689592.6171268879
JOB_002651__CON_000158,696035.4858247872
JOB_002651__CON_000194,686691.4983604581
JOB_002651__CON_000219,672821.4593907901
JOB_002658__CON_000037,7623330.694599778
JOB_002658__CON_000158,7672088.6281528445
JOB_002658__CON_000187,7560346.536299697
JOB_002661__CON_000108,6286558.330035953
JOB_002661__CON_000129,6299588.235995668
JOB_002661__CON_000137,6296522.192177097
JOB_002661__CON_000156,6293631.646747352
JOB_002661__CON_000187,6293631.646747352
JOB_002664__CON_000105,560834.9878425315
JOB_002664__CON_000107,596775.7045792793
JOB_002664__CON_000132,602005.7934924832
JOB_002675__CON_000037,1163690.397706223
JOB_002675__CON_000158,1148336.4810618174
JOB_002679__CON_000037,2981490.4209636557
JOB_002679__CON_000046,2956851.1394994264
JOB_002679__CON_000158,2996788.3012121883
JOB_002679__CON_000174,3029275.3659087913
JOB_002679__CON_000215,3029371.6203504703
JOB_002697__CON_000037,11236351.496551437
JOB_002697__CON_000229,11748018.613493642
JOB_002704__CON_000010,14239268.49964143
JOB_002704__CON_000037,14141151.732835544
JOB_002704__CON_000045,14259895.670233982
JOB_002704__CON_000227,14411133.955525052
JOB_002705__CON_000039,1474254.8961148923
JOB_002705__CON_000158,1602981.37787069
JOB_002705__CON_000164,1541404.4381432498
JOB_002705__CON_000169,1486006.849277616
JOB_002705__CON_000174,1618097.6345929203
JOB_002705__CON_000187,1489937.8669109815
JOB_002705__CON_000215,1614574.7802603808
JOB_002711__CON_000036,1889347.8574991317
JOB_002711__CON_000038,1767289.259738049
JOB_002711__CON_000137,1773586.4195000501
JOB_002714__CON_000037,1640736.0923178687
JOB_002714__CON_000143,1614723.5792951367
JOB_002714__CON_000158,1647402.2744097838
JOB_002717__CON_000001,1378974.8730720526
JOB_002717__CON_000030,1438614.295882084
JOB_002717__CON_000047,1477978.4350433794
JOB_002717__CON_000075,1388216.6296519423
JOB_002717__CON_000137,1383530.244438605
JOB_002717__CON_000158,1424186.7620930613
JOB_002717__CON_000169,1380721.8888419564
JOB_002717__CON_000187,1389390.2642216852
JOB_002732__CON_000075,5721027.435975433
JOB_002732__CON_000158,5842748.641375012
JOB_002732__CON_000187,5722894.232138515
JOB_002748__CON_000033,1317569.6233546722
JOB_002748__CON_000039,1284646.7596327146
JOB_002748__CON_000158,1357463.4164611096
JOB_002748__CON_000169,1283904.138480209
JOB_002748__CON_000215,1375291.1022085631
JOB_002754__CON_000017,1133668.5090708123
JOB_002754__CON_000036,1134106.4860147603
JOB_002754__CON_000137,1141303.2439502096
JOB_002754__CON_000158,1155146.9433566704
JOB_002754__CON_000178,1133212.092870767
JOB_002754__CON_000194,1139079.488458463
JOB_002754__CON_000219,1121012.909303038
JOB_002763__CON_000037,714582.9140768854
JOB_002763__CON_000191,630583.3687251905
JOB_002778__CON_000107,435452.86221588246
JOB_002778__CON_000132,651162.4168522435
JOB_002778__CON_000193,465253.2762754888
JOB_002794__CON_000108,33649446.27125703
JOB_002794__CON_000187,33716022.64517444
JOB_002800__CON_000037,1557869.7592627623
JOB_002800__CON_000157,1435645.343803764
JOB_002800__CON_000158,1552181.670570802
JOB_002800__CON_000169,1424509.9151711494
JOB_002800__CON_000187,1424348.8698642766
JOB_002818__CON_000061,922574.7554376795
JOB_002818__CON_000133,914704.5026076118
JOB_002818__CON_000217,962284.0238740338
JOB_002828__CON_000036,443543.29794602987
JOB_002828__CON_000121,417606.0026885748
JOB_002828__CON_000137,432613.9836723632
JOB_002828__CON_000142,400649.57030505256
JOB_002828__CON_000158,443195.9775240413
JOB_002828__CON_000164,443422.8219977799
JOB_002828__CON_000174,443253.761690897
JOB_002875__CON_000036,606895.1449744354
JOB_002875__CON_000142,396932.51580540085
JOB_002877__CON_000030,1104947.8466920042
JOB_002877__CON_000047,1158990.657133987
JOB_002877__CON_000137,1106502.6679832896
JOB_002877__CON_000148,1099240.616452003
JOB_002877__CON_000158,1103527.4409257844
JOB_002877__CON_000187,1099780.5708155488
JOB_002877__CON_000193,1090655.0068177367
JOB_002877__CON_000194,1094871.3015234878
JOB_002892__CON_000190,1227511.0721900072
JOB_002896__CON_000108,944513.031986562
JOB_002896__CON_000129,961532.742308534
JOB_002896__CON_000187,935432.9148386113
JOB_002902__CON_000105,410423.73119509534
JOB_002902__CON_000132,485495.72344969324
JOB_002902__CON_000193,355635.72323700855
JOB_002912__CON_000036,350432.36844240373
JOB_002912__CON_000038,356409.8385994034
JOB_002912__CON_000174,371447.57701846934
JOB_002923__CON_000036,353394.5449828917
JOB_002923__CON_000038,352002.43604354333
JOB_002923__CON_000137,367343.72769058956
JOB_002923__CON_000187,353394.5449828917
JOB_002927__CON_000037,1188274.9231827
JOB_002927__CON_000158,1188195.7758673436
JOB_002927__CON_000214,1177365.5039861319
JOB_002930__CON_000047,5966779.633600002
JOB_002930__CON_000137,5904643.51809462
JOB_002930__CON_000158,5936513.874725992
JOB_002930__CON_000187,5909548.879292811
JOB_002930__CON_000207,5907166.052029975
JOB_002937__CON_000037,6530907.317210101
JOB_002937__CON_000158,6598318.651509922
JOB_002944__CON_000017,2197043.209101381
JOB_002944__CON_000158,2257094.2842812426
JOB_002944__CON_000194,2198529.521984927
JOB_002946__CON_000057,1013155.1121914481
JOB_002946__CON_000122,1018729.8756827008
JOB_002946__CON_000143,1013490.6974194432
JOB_002946__CON_000158,1067174.4975046855
JOB_002954__CON_000037,8506839.723446183
JOB_002954__CON_000187,8470765.990075922
JOB_002963__CON_000074,2138119.4567222963
JOB_002963__CON_000152,2064498.795981059
JOB_002963__CON_000187,2069344.956337921
JOB_002980__CON_000017,2983381.999244692
JOB_002980__CON_000030,2972306.707076262
JOB_002980__CON_000037,2992618.5944460453
JOB_002980__CON_000039,2977415.890597587
JOB_002980__CON_000158,3000642.9950754074
JOB_002980__CON_000169,2979382.5161306993
JOB_002980__CON_000187,2966370.7943904838
JOB_002980__CON_000194,2977101.4594337405
JOB_002980__CON_000215,3032574.3853783957
JOB_002985__CON_000217,1311105.9379657337
JOB_002990__CON_000137,4137956.7224901076
JOB_002990__CON_000164,4124836.1160047753
JOB_003001__CON_000037,11852191.528033307
JOB_003001__CON_000045,11897591.693329219
JOB_003001__CON_000158,11917972.576019702
JOB_003001__CON_000174,11867323.118244043
JOB_003001__CON_000199,11877947.962692406
JOB_003011__CON_000037,1387005.7121373178
JOB_003015__CON_000019,267035.6594914524
JOB_003015__CON_000132,474333.3250856329
JOB_003015__CON_000193,275949.0900450494
JOB_003028__CON_000108,10586573.142703064
JOB_003028__CON_000129,10590951.460849307
JOB_003028__CON_000158,10688267.531388365
JOB_003028__CON_000187,10640879.341327894
JOB_003044__CON_000187,2228184.95035885
JOB_003050__CON_000039,1306914.7344328444
JOB_003050__CON_000158,1357704.6500897985
JOB_003050__CON_000215,1357389.7241918123
JOB_003050__CON_000228,1330809.531624627
JOB_003069__CON_000097,1267342.5148777952
JOB_003069__CON_000191,1253643.2332459195
JOB_003085__CON_000061,627182.1567235962
JOB_003085__CON_000217,658827.8919222187
JOB_003099__CON_000037,3029318.8321618238
JOB_003099__CON_000045,3102573.2569649583
JOB_003099__CON_000158,3046945.5474906666
JOB_003099__CON_000174,3101390.8132868013
JOB_003099__CON_000199,3011103.015162339
JOB_003129__CON_000094,1512227.0226292573
JOB_003145__CON_000107,258572.1217513349
JOB_003145__CON_000132,474333.3250856329
JOB_003145__CON_000161,267035.6594914524
JOB_003145__CON_000193,275949.0900450494
JOB_003147__CON_000060,1077516.6736768708
JOB_003147__CON_000130,1066670.4060125388
JOB_003148__CON_000037,1054581.6191107298
JOB_003148__CON_000158,1074307.4926691805
JOB_003148__CON_000174,1127931.7130647385
JOB_003159__CON_000188,2050287.2175967467
JOB_003159__CON_000197,2062999.3819389609
JOB_003163__CON_000037,5608163.547418754
JOB_003163__CON_000158,5654922.715662732
JOB_003177__CON_000037,3409449.699118064
JOB_003177__CON_000040,3383583.163513162
JOB_003177__CON_000187,3383583.163513162
JOB_003177__CON_000207,3389258.884009814
JOB_003177__CON_000229,3427793.8631856036
JOB_003189__CON_000170,4278006.017235377
JOB_003189__CON_000187,4224424.773605108
JOB_003193__CON_000030,1539360.760973298
JOB_003193__CON_000033,1501932.769250322
JOB_003193__CON_000039,1478876.9708526223
JOB_003193__CON_000158,1517485.7227209997
JOB_003193__CON_000169,1487281.342070787
JOB_003196__CON_000001,1439197.2077448503
JOB_003196__CON_000191,1415392.0223743275
JOB_003202__CON_000036,511453.4718795285
JOB_003202__CON_000137,518781.53561374545
JOB_003202__CON_000178,503699.81040478696
JOB_003203__CON_000001,4803944.344484796
JOB_003203__CON_000031,4858423.531079317
JOB_003203__CON_000033,4830310.96052774
JOB_003203__CON_000075,4807030.409975831
JOB_003203__CON_000158,4831598.767427038
JOB_003205__CON_000002,1702604.7865248648
JOB_003205__CON_000036,1702604.7865248648
JOB_003205__CON_000108,1700273.9641305776
JOB_003205__CON_000137,1718695.4651204383
JOB_003205__CON_000158,1716353.4474555983
JOB_003205__CON_000178,1719433.1573335715
JOB_003205__CON_000207,1717228.8203820013
JOB_003219__CON_000157,457916.10045859165
JOB_003219__CON_000158,510419.98101444275
JOB_003220__CON_000137,421556.74981057673
JOB_003220__CON_000215,427439.33915040584
JOB_003227__CON_000016,1771970.7724575337
JOB_003227__CON_000039,1737576.8090502878
JOB_003227__CON_000046,1755552.6657541443
JOB_003227__CON_000158,1772807.8940580133
JOB_003227__CON_000215,1770318.0660541463
JOB_003236__CON_000001,2227550.30362535
JOB_003236__CON_000033,2251971.4448182695
JOB_003236__CON_000039,2220453.3696877942
JOB_003236__CON_000075,2232020.3058183608
JOB_003236__CON_000158,2310506.755113775
JOB_003236__CON_000187,2237734.6070453995
JOB_003254__CON_000097,400409.3590045173
JOB_003254__CON_000191,406528.4293468753
JOB_003264__CON_000137,1724365.0562375507
JOB_003264__CON_000174,1749714.3730645117
JOB_003266__CON_000073,2097213.7274783966
JOB_003266__CON_000075,1678445.7100715323
JOB_003266__CON_000094,2104037.5790981427
JOB_003266__CON_000116,1929245.033038795
JOB_003328__CON_000031,1307831.61031185
JOB_003328__CON_000075,1299212.7391658037
JOB_003328__CON_000187,1306165.1546690743
JOB_003339__CON_000017,3076410.131136479
JOB_003339__CON_000084,3067324.7508543474
JOB_003339__CON_000158,3117483.1268713684
JOB_003339__CON_000215,3152309.2609100244
JOB_003380__CON_000037,2637921.443483655
JOB_003380__CON_000040,2640718.166733573
JOB_003380__CON_000137,2661724.655539393
JOB_003380__CON_000151,2643757.802007033
JOB_003380__CON_000156,2640718.166733573
JOB_003380__CON_000169,2639118.315435633
JOB_003380__CON_000188,2631668.01769427
JOB_003380__CON_000207,2650925.2277455973
JOB_003386__CON_000037,1805634.7037143882
JOB_003386__CON_000191,1732212.1346477596
JOB_003387__CON_000001,1843122.5710249844
JOB_003387__CON_000137,1848992.9424404164
JOB_003387__CON_000158,1892061.6179939767
JOB_003387__CON_000164,1866825.0118086266
JOB_003392__CON_000108,14588331.080105796
JOB_003392__CON_000129,14574075.161632473
JOB_003392__CON_000156,14614854.819538774
JOB_003392__CON_000187,14614854.819538774
JOB_003397__CON_000017,671658.0342999
JOB_003397__CON_000030,693587.535680548
JOB_003397__CON_000084,681545.6899511068
JOB_003397__CON_000131,687971.3076097559
JOB_003397__CON_000137,678378.2088031506
JOB_003397__CON_000193,629700.4298923976
JOB_003397__CON_000194,681160.2488368195
JOB_003397__CON_000219,670603.2999789777
JOB_003408__CON_000037,2272417.1707976344
JOB_003408__CON_000187,2229126.1495614937
JOB_003412__CON_000073,1653943.7442290995
JOB_003412__CON_000094,1663527.6131156778
JOB_003412__CON_000106,1618149.7313567686
JOB_003413__CON_000037,7894869.682771256
JOB_003413__CON_000137,7834891.909593417
JOB_003413__CON_000151,8023827.259252827
JOB_003413__CON_000158,7959254.027158685
JOB_003413__CON_000187,7848072.381299127
JOB_003413__CON_000207,7834891.909593417
JOB_003431__CON_000060,1216899.7067683563
JOB_003431__CON_000130,1206558.68052275
JOB_003439__CON_000017,1362702.5186631053
JOB_003439__CON_000066,1377688.1919873855
JOB_003439__CON_000137,1381580.4997370348
JOB_003439__CON_000178,1364066.3195878628
JOB_003439__CON_000193,1372898.2625078913
JOB_003439__CON_000194,1361447.2020570165
JOB_003439__CON_000207,1365407.4788702205
JOB_003439__CON_000215,1383274.6437517134
JOB_003451__CON_000039,3414406.3031324567
JOB_003451__CON_000046,3473319.59769623
JOB_003451__CON_000158,3512373.2333592367
JOB_003451__CON_000187,3443683.7911358518
JOB_003451__CON_000215,3523044.7410301063
JOB_003452__CON_000017,643186.1383577388
JOB_003452__CON_000030,681479.37906552
JOB_003452__CON_000075,654841.5347422237
JOB_003452__CON_000137,658520.0327750172
JOB_003452__CON_000158,681301.6729776667
JOB_003452__CON_000193,614107.0021014751
JOB_003452__CON_000194,655285.1734157074
JOB_003452__CON_000219,633672.5544576099
JOB_003453__CON_000158,1768163.7345685693
JOB_003456__CON_000046,5079469.857917403
JOB_003456__CON_000157,5104039.963632263
JOB_003456__CON_000158,5078113.116877293
JOB_003456__CON_000187,5089207.753810534
JOB_003462__CON_000012,1444619.1576123014
JOB_003462__CON_000137,1445039.7607590621
JOB_003462__CON_000187,1444619.1576123014
JOB_003471__CON_000108,416992.5105226713
JOB_003471__CON_000129,424093.1383345295
JOB_003471__CON_000158,424521.78581639635
JOB_003471__CON_000188,417431.28175620607
JOB_003481__CON_000129,1367505.3739627216
JOB_003481__CON_000158,1365896.9639077026
JOB_003523__CON_000001,400521.8928439353
JOB_003523__CON_000097,316118.7276713738
JOB_003523__CON_000191,332767.6477592872
JOB_003525__CON_000107,342557.6365424285
JOB_003525__CON_000132,479832.2142951366
JOB_003532__CON_000017,324098.0689280275
JOB_003532__CON_000036,331001.55169127556
JOB_003532__CON_000038,339540.90995715157
JOB_003532__CON_000137,353795.6915439331
JOB_003536__CON_000137,966860.4227314717
JOB_003536__CON_000139,940357.100912737
JOB_003536__CON_000156,940520.6223231319
JOB_003551__CON_000046,2546398.729612302
JOB_003551__CON_000158,2554228.4978824253
JOB_003551__CON_000187,2551242.7961808275
JOB_003557__CON_000075,2231313.7402412193
JOB_003557__CON_000088,2257322.9411238083
JOB_003557__CON_000187,2225126.36443223
JOB_003557__CON_000215,2275955.965039647
JOB_003559__CON_000036,1047580.5270732946
JOB_003559__CON_000047,1101464.7113318662
JOB_003559__CON_000137,1051541.5082217196
JOB_003559__CON_000158,1067119.90054927
JOB_003559__CON_000187,1047580.5270732946
JOB_003562__CON_000037,12825047.955187561
JOB_003562__CON_000045,12905970.057844928
JOB_003562__CON_000174,12929039.862826573
JOB_003562__CON_000199,12818486.630623383
JOB_003569__CON_000073,1057966.9028260128
JOB_003569__CON_000075,1075990.2499920076
JOB_003569__CON_000094,1052603.761987656
JOB_003569__CON_000116,1024525.0524173452
JOB_003570__CON_000139,3784341.369344688
JOB_003570__CON_000158,3845233.232182737
JOB_003570__CON_000187,3784341.369344688
JOB_003570__CON_000215,3845600.5097214896
JOB_003570__CON_000220,3784341.369344688
JOB_003574__CON_000158,403440.8869924724
JOB_003574__CON_000187,354825.3505924843
JOB_003582__CON_000017,931616.1386050662
JOB_003582__CON_000084,927096.9259831927
JOB_003582__CON_000131,922872.9386861194
JOB_003582__CON_000137,947679.3824401713
JOB_003582__CON_000193,913383.5170634285
JOB_003582__CON_000194,926364.1517904009
JOB_003582__CON_000219,924285.0981234978
JOB_003595__CON_000094,938757.1848765269
JOB_003605__CON_000036,331664.3987552341
JOB_003605__CON_000067,330199.625781228
JOB_003605__CON_000083,283892.85543740285
JOB_003612__CON_000012,1546930.7552997035
JOB_003612__CON_000143,1525900.5042177527
JOB_003612__CON_000157,1542904.5321015243
JOB_003612__CON_000158,1626380.8432079705
JOB_003612__CON_000187,1550909.3206800718
JOB_003612__CON_000215,1629333.2882688406
JOB_003618__CON_000037,11040288.968790494
JOB_003618__CON_000158,11159317.793029603
JOB_003628__CON_000037,40591029.914234005
JOB_003628__CON_000158,40763240.244645834
JOB_003628__CON_000187,40521765.945513055
JOB_003655__CON_000108,1791529.1097385546
JOB_003655__CON_000137,1830854.0802740946
JOB_003655__CON_000151,1864020.8508551242
JOB_003655__CON_000156,1806699.9903758157
JOB_003662__CON_000033,2483464.8727227757
JOB_003662__CON_000037,2542125.5649794806
JOB_003662__CON_000039,2466050.7315320186
JOB_003662__CON_000046,2484967.1854425264
JOB_003662__CON_000158,2530901.6589636337
JOB_003662__CON_000187,2478550.325244913
JOB_003662__CON_000215,2559946.91895407
JOB_003662__CON_000220,2478550.325244913
JOB_003672__CON_000030,7934456.4328004075
JOB_003672__CON_000075,7916839.43682763
JOB_003672__CON_000158,7784571.505161527
JOB_003672__CON_000187,7914635.58425462
JOB_003672__CON_000194,7916839.43682763
JOB_003672__CON_000215,7814800.949883959
JOB_003673__CON_000046,2018299.043150853
JOB_003673__CON_000158,2073649.8250507123
JOB_003676__CON_000170,19853681.7209291
JOB_003676__CON_000187,19391604.497589678
JOB_003691__CON_000037,24801098.554975588
JOB_003691__CON_000045,24890383.298889868
JOB_003691__CON_000158,24796971.433882393
JOB_003714__CON_000037,609402.5301180643
JOB_003714__CON_000083,464429.2933658622
JOB_003714__CON_000137,520709.58632089
